fraudulent,combined_text
0,marketing intern were food52 and weve created a groundbreaking and awardwinning cooking site we support connect and celebrate home cooks and give them everything they need in one place food52 a fastgrowing james beard awardwinning online food community is currently interviewing full and parttime unpaid interns to work in a small team of editors executives and developers in its new york city headquarters experience with content management systems a major plus familiar with the food52 editorial voice and aesthetic loves food appreciates the importance of home cooking marketing
0,customer service cloud video production 90 seconds the worlds cloud video production service 90 seconds makes video production fast affordable and all managed seamlessly in the cloud our rapidly expanding business is looking for a talented project manager to manage the successful delivery of video projects manage client communications and drive the production process client focused excellent customer service and communication skills outstanding computer knowledge and experience using online software experience working on projects located around the world with an international brand opportunity to drive and grow production function success
1,make 5000 weekly from home work from home opportunity no experience needed guaranteed income urgent we need people to work from home immediately make 5000 per week guaranteed no skills required just copy and paste click link now no requirements anyone can do this just need computer and internet guaranteed 5000 per week work from anywhere be your own boss financial freedom
0,software engineer we are a leading technology company focused on building innovative solutions that help businesses scale and grow we are seeking a talented software engineer to join our engineering team you will work on developing scalable web applications using modern technologies bachelors degree in computer science or related field 3 years of experience with python javascript and react strong problemsolving skills competitive salary health insurance dental vision 401k matching flexible pto remote work options engineering
1,data entry specialist urgent hiring international company needs data entry specialists immediately very high pay for simple work urgent hiring need data entry specialists now simple copypaste work very high pay no experience needed must start immediately must have computer must start today no other requirements very high pay work from home flexible hours easy work
0,product manager amazon is a fortune 500 company and leading ecommerce platform we are customer obsessed and strive to be earths most customercentric company we are looking for a product manager to lead product strategy and development for our consumer marketplace you will work with crossfunctional teams to deliver innovative features mba or equivalent experience 5 years of product management experience strong analytical skills and customer obsession experience with agile development competitive compensation comprehensive health benefits retirement savings plan paid time off employee stock purchase plan product
1,earn 500 daily with crypto revolutionary crypto investment opportunity join thousands making massive profits daily attention crypto millionaires are sharing their secret earn 500 daily with automated crypto trading no experience needed join now before spots fill up just 100 to start anyone can do this works on autopilot guaranteed daily profits financial freedom retire early join crypto millionaires
0,ux designer google is a multinational technology company that specializes in internetrelated services and products we are seeking a ux designer to join our design team you will be responsible for creating intuitive and engaging user experiences for our products bachelors degree in design hci or related field 3 years of ux design experience proficiency in design tools like figma sketch strong portfolio competitive salary comprehensive health coverage retirement plan free meals onsite fitness facilities learning and development opportunities design
1,earn 500 daily with crypto opportunity 1 revolutionary crypto investment opportunity join thousands making massive profits daily attention crypto millionaires are sharing their secret earn 500 daily with automated crypto trading no experience needed join now before spots fill up just 100 to start anyone can do this works on autopilot guaranteed daily profits financial freedom retire early join crypto millionaires
0,software engineer position 2 we are a leading technology company focused on building innovative solutions that help businesses scale and grow we are seeking a talented software engineer to join our engineering team you will work on developing scalable web applications using modern technologies bachelors degree in computer science or related field 3 years of experience with python javascript and react strong problemsolving skills competitive salary health insurance dental vision 401k matching flexible pto remote work options engineering
1,data entry specialist urgent hiring opportunity 3 international company needs data entry specialists immediately very high pay for simple work urgent hiring need data entry specialists now simple copypaste work very high pay no experience needed must start immediately must have computer must start today no other requirements very high pay work from home flexible hours easy work
1,earn 500 daily with crypto opportunity 4 revolutionary crypto investment opportunity join thousands making massive profits daily attention crypto millionaires are sharing their secret earn 500 daily with automated crypto trading no experience needed join now before spots fill up just 100 to start anyone can do this works on autopilot guaranteed daily profits financial freedom retire early join crypto millionaires
1,make 5000 weekly from home opportunity 5 work from home opportunity no experience needed guaranteed income urgent we need people to work from home immediately make 5000 per week guaranteed no skills required just copy and paste click link now no requirements anyone can do this just need computer and internet guaranteed 5000 per week work from anywhere be your own boss financial freedom
0,ux designer position 6 google is a multinational technology company that specializes in internetrelated services and products we are seeking a ux designer to join our design team you will be responsible for creating intuitive and engaging user experiences for our products bachelors degree in design hci or related field 3 years of ux design experience proficiency in design tools like figma sketch strong portfolio competitive salary comprehensive health coverage retirement plan free meals onsite fitness facilities learning and development opportunities design
1,data entry specialist urgent hiring opportunity 7 international company needs data entry specialists immediately very high pay for simple work urgent hiring need data entry specialists now simple copypaste work very high pay no experience needed must start immediately must have computer must start today no other requirements very high pay work from home flexible hours easy work
1,data entry specialist urgent hiring opportunity 8 international company needs data entry specialists immediately very high pay for simple work urgent hiring need data entry specialists now simple copypaste work very high pay no experience needed must start immediately must have computer must start today no other requirements very high pay work from home flexible hours easy work
1,earn 500 daily with crypto opportunity 9 revolutionary crypto investment opportunity join thousands making massive profits daily attention crypto millionaires are sharing their secret earn 500 daily with automated crypto trading no experience needed join now before spots fill up just 100 to start anyone can do this works on autopilot guaranteed daily profits financial freedom retire early join crypto millionaires
0,customer service cloud video production position 10 90 seconds the worlds cloud video production service 90 seconds makes video production fast affordable and all managed seamlessly in the cloud our rapidly expanding business is looking for a talented project manager to manage the successful delivery of video projects manage client communications and drive the production process client focused excellent customer service and communication skills outstanding computer knowledge and experience using online software experience working on projects located around the world with an international brand opportunity to drive and grow production function success
1,make 5000 weekly from home opportunity 11 work from home opportunity no experience needed guaranteed income urgent we need people to work from home immediately make 5000 per week guaranteed no skills required just copy and paste click link now no requirements anyone can do this just need computer and internet guaranteed 5000 per week work from anywhere be your own boss financial freedom
1,earn 500 daily with crypto opportunity 12 revolutionary crypto investment opportunity join thousands making massive profits daily attention crypto millionaires are sharing their secret earn 500 daily with automated crypto trading no experience needed join now before spots fill up just 100 to start anyone can do this works on autopilot guaranteed daily profits financial freedom retire early join crypto millionaires
1,make 5000 weekly from home opportunity 13 work from home opportunity no experience needed guaranteed income urgent we need people to work from home immediately make 5000 per week guaranteed no skills required just copy and paste click link now no requirements anyone can do this just need computer and internet guaranteed 5000 per week work from anywhere be your own boss financial freedom
1,make 5000 weekly from home opportunity 14 work from home opportunity no experience needed guaranteed income urgent we need people to work from home immediately make 5000 per week guaranteed no skills required just copy and paste click link now no requirements anyone can do this just need computer and internet guaranteed 5000 per week work from anywhere be your own boss financial freedom
0,ux designer position 15 google is a multinational technology company that specializes in internetrelated services and products we are seeking a ux designer to join our design team you will be responsible for creating intuitive and engaging user experiences for our products bachelors degree in design hci or related field 3 years of ux design experience proficiency in design tools like figma sketch strong portfolio competitive salary comprehensive health coverage retirement plan free meals onsite fitness facilities learning and development opportunities design
1,data entry specialist urgent hiring opportunity 16 international company needs data entry specialists immediately very high pay for simple work urgent hiring need data entry specialists now simple copypaste work very high pay no experience needed must start immediately must have computer must start today no other requirements very high pay work from home flexible hours easy work
0,software engineer position 17 we are a leading technology company focused on building innovative solutions that help businesses scale and grow we are seeking a talented software engineer to join our engineering team you will work on developing scalable web applications using modern technologies bachelors degree in computer science or related field 3 years of experience with python javascript and react strong problemsolving skills competitive salary health insurance dental vision 401k matching flexible pto remote work options engineering
0,ux designer position 18 google is a multinational technology company that specializes in internetrelated services and products we are seeking a ux designer to join our design team you will be responsible for creating intuitive and engaging user experiences for our products bachelors degree in design hci or related field 3 years of ux design experience proficiency in design tools like figma sketch strong portfolio competitive salary comprehensive health coverage retirement plan free meals onsite fitness facilities learning and development opportunities design
0,ux designer position 19 google is a multinational technology company that specializes in internetrelated services and products we are seeking a ux designer to join our design team you will be responsible for creating intuitive and engaging user experiences for our products bachelors degree in design hci or related field 3 years of ux design experience proficiency in design tools like figma sketch strong portfolio competitive salary comprehensive health coverage retirement plan free meals onsite fitness facilities learning and development opportunities design
1,make 5000 weekly from home opportunity 20 work from home opportunity no experience needed guaranteed income urgent we need people to work from home immediately make 5000 per week guaranteed no skills required just copy and paste click link now no requirements anyone can do this just need computer and internet guaranteed 5000 per week work from anywhere be your own boss financial freedom
0,product manager position 21 amazon is a fortune 500 company and leading ecommerce platform we are customer obsessed and strive to be earths most customercentric company we are looking for a product manager to lead product strategy and development for our consumer marketplace you will work with crossfunctional teams to deliver innovative features mba or equivalent experience 5 years of product management experience strong analytical skills and customer obsession experience with agile development competitive compensation comprehensive health benefits retirement savings plan paid time off employee stock purchase plan product
1,data entry specialist urgent hiring opportunity 22 international company needs data entry specialists immediately very high pay for simple work urgent hiring need data entry specialists now simple copypaste work very high pay no experience needed must start immediately must have computer must start today no other requirements very high pay work from home flexible hours easy work
0,customer service cloud video production position 23 90 seconds the worlds cloud video production service 90 seconds makes video production fast affordable and all managed seamlessly in the cloud our rapidly expanding business is looking for a talented project manager to manage the successful delivery of video projects manage client communications and drive the production process client focused excellent customer service and communication skills outstanding computer knowledge and experience using online software experience working on projects located around the world with an international brand opportunity to drive and grow production function success
0,ux designer position 24 google is a multinational technology company that specializes in internetrelated services and products we are seeking a ux designer to join our design team you will be responsible for creating intuitive and engaging user experiences for our products bachelors degree in design hci or related field 3 years of ux design experience proficiency in design tools like figma sketch strong portfolio competitive salary comprehensive health coverage retirement plan free meals onsite fitness facilities learning and development opportunities design
0,software engineer position 25 we are a leading technology company focused on building innovative solutions that help businesses scale and grow we are seeking a talented software engineer to join our engineering team you will work on developing scalable web applications using modern technologies bachelors degree in computer science or related field 3 years of experience with python javascript and react strong problemsolving skills competitive salary health insurance dental vision 401k matching flexible pto remote work options engineering
0,product manager position 26 amazon is a fortune 500 company and leading ecommerce platform we are customer obsessed and strive to be earths most customercentric company we are looking for a product manager to lead product strategy and development for our consumer marketplace you will work with crossfunctional teams to deliver innovative features mba or equivalent experience 5 years of product management experience strong analytical skills and customer obsession experience with agile development competitive compensation comprehensive health benefits retirement savings plan paid time off employee stock purchase plan product
0,product manager position 27 amazon is a fortune 500 company and leading ecommerce platform we are customer obsessed and strive to be earths most customercentric company we are looking for a product manager to lead product strategy and development for our consumer marketplace you will work with crossfunctional teams to deliver innovative features mba or equivalent experience 5 years of product management experience strong analytical skills and customer obsession experience with agile development competitive compensation comprehensive health benefits retirement savings plan paid time off employee stock purchase plan product
0,customer service cloud video production position 28 90 seconds the worlds cloud video production service 90 seconds makes video production fast affordable and all managed seamlessly in the cloud our rapidly expanding business is looking for a talented project manager to manage the successful delivery of video projects manage client communications and drive the production process client focused excellent customer service and communication skills outstanding computer knowledge and experience using online software experience working on projects located around the world with an international brand opportunity to drive and grow production function success
0,ux designer position 29 google is a multinational technology company that specializes in internetrelated services and products we are seeking a ux designer to join our design team you will be responsible for creating intuitive and engaging user experiences for our products bachelors degree in design hci or related field 3 years of ux design experience proficiency in design tools like figma sketch strong portfolio competitive salary comprehensive health coverage retirement plan free meals onsite fitness facilities learning and development opportunities design
0,software engineer position 30 we are a leading technology company focused on building innovative solutions that help businesses scale and grow we are seeking a talented software engineer to join our engineering team you will work on developing scalable web applications using modern technologies bachelors degree in computer science or related field 3 years of experience with python javascript and react strong problemsolving skills competitive salary health insurance dental vision 401k matching flexible pto remote work options engineering
1,data entry specialist urgent hiring opportunity 31 international company needs data entry specialists immediately very high pay for simple work urgent hiring need data entry specialists now simple copypaste work very high pay no experience needed must start immediately must have computer must start today no other requirements very high pay work from home flexible hours easy work
0,marketing intern position 32 were food52 and weve created a groundbreaking and awardwinning cooking site we support connect and celebrate home cooks and give them everything they need in one place food52 a fastgrowing james beard awardwinning online food community is currently interviewing full and parttime unpaid interns to work in a small team of editors executives and developers in its new york city headquarters experience with content management systems a major plus familiar with the food52 editorial voice and aesthetic loves food appreciates the importance of home cooking marketing
0,software engineer position 33 we are a leading technology company focused on building innovative solutions that help businesses scale and grow we are seeking a talented software engineer to join our engineering team you will work on developing scalable web applications using modern technologies bachelors degree in computer science or related field 3 years of experience with python javascript and react strong problemsolving skills competitive salary health insurance dental vision 401k matching flexible pto remote work options engineering
0,customer service cloud video production position 34 90 seconds the worlds cloud video production service 90 seconds makes video production fast affordable and all managed seamlessly in the cloud our rapidly expanding business is looking for a talented project manager to manage the successful delivery of video projects manage client communications and drive the production process client focused excellent customer service and communication skills outstanding computer knowledge and experience using online software experience working on projects located around the world with an international brand opportunity to drive and grow production function success
0,product manager position 35 amazon is a fortune 500 company and leading ecommerce platform we are customer obsessed and strive to be earths most customercentric company we are looking for a product manager to lead product strategy and development for our consumer marketplace you will work with crossfunctional teams to deliver innovative features mba or equivalent experience 5 years of product management experience strong analytical skills and customer obsession experience with agile development competitive compensation comprehensive health benefits retirement savings plan paid time off employee stock purchase plan product
1,data entry specialist urgent hiring opportunity 36 international company needs data entry specialists immediately very high pay for simple work urgent hiring need data entry specialists now simple copypaste work very high pay no experience needed must start immediately must have computer must start today no other requirements very high pay work from home flexible hours easy work
0,software engineer position 37 we are a leading technology company focused on building innovative solutions that help businesses scale and grow we are seeking a talented software engineer to join our engineering team you will work on developing scalable web applications using modern technologies bachelors degree in computer science or related field 3 years of experience with python javascript and react strong problemsolving skills competitive salary health insurance dental vision 401k matching flexible pto remote work options engineering
0,marketing intern position 38 were food52 and weve created a groundbreaking and awardwinning cooking site we support connect and celebrate home cooks and give them everything they need in one place food52 a fastgrowing james beard awardwinning online food community is currently interviewing full and parttime unpaid interns to work in a small team of editors executives and developers in its new york city headquarters experience with content management systems a major plus familiar with the food52 editorial voice and aesthetic loves food appreciates the importance of home cooking marketing
0,marketing intern position 39 were food52 and weve created a groundbreaking and awardwinning cooking site we support connect and celebrate home cooks and give them everything they need in one place food52 a fastgrowing james beard awardwinning online food community is currently interviewing full and parttime unpaid interns to work in a small team of editors executives and developers in its new york city headquarters experience with content management systems a major plus familiar with the food52 editorial voice and aesthetic loves food appreciates the importance of home cooking marketing
1,make 5000 weekly from home opportunity 40 work from home opportunity no experience needed guaranteed income urgent we need people to work from home immediately make 5000 per week guaranteed no skills required just copy and paste click link now no requirements anyone can do this just need computer and internet guaranteed 5000 per week work from anywhere be your own boss financial freedom
1,make 5000 weekly from home opportunity 41 work from home opportunity no experience needed guaranteed income urgent we need people to work from home immediately make 5000 per week guaranteed no skills required just copy and paste click link now no requirements anyone can do this just need computer and internet guaranteed 5000 per week work from anywhere be your own boss financial freedom
1,earn 500 daily with crypto opportunity 42 revolutionary crypto investment opportunity join thousands making massive profits daily attention crypto millionaires are sharing their secret earn 500 daily with automated crypto trading no experience needed join now before spots fill up just 100 to start anyone can do this works on autopilot guaranteed daily profits financial freedom retire early join crypto millionaires
0,customer service cloud video production position 43 90 seconds the worlds cloud video production service 90 seconds makes video production fast affordable and all managed seamlessly in the cloud our rapidly expanding business is looking for a talented project manager to manage the successful delivery of video projects manage client communications and drive the production process client focused excellent customer service and communication skills outstanding computer knowledge and experience using online software experience working on projects located around the world with an international brand opportunity to drive and grow production function success
0,ux designer position 44 google is a multinational technology company that specializes in internetrelated services and products we are seeking a ux designer to join our design team you will be responsible for creating intuitive and engaging user experiences for our products bachelors degree in design hci or related field 3 years of ux design experience proficiency in design tools like figma sketch strong portfolio competitive salary comprehensive health coverage retirement plan free meals onsite fitness facilities learning and development opportunities design
0,software engineer position 45 we are a leading technology company focused on building innovative solutions that help businesses scale and grow we are seeking a talented software engineer to join our engineering team you will work on developing scalable web applications using modern technologies bachelors degree in computer science or related field 3 years of experience with python javascript and react strong problemsolving skills competitive salary health insurance dental vision 401k matching flexible pto remote work options engineering
0,software engineer position 46 we are a leading technology company focused on building innovative solutions that help businesses scale and grow we are seeking a talented software engineer to join our engineering team you will work on developing scalable web applications using modern technologies bachelors degree in computer science or related field 3 years of experience with python javascript and react strong problemsolving skills competitive salary health insurance dental vision 401k matching flexible pto remote work options engineering
0,ux designer position 47 google is a multinational technology company that specializes in internetrelated services and products we are seeking a ux designer to join our design team you will be responsible for creating intuitive and engaging user experiences for our products bachelors degree in design hci or related field 3 years of ux design experience proficiency in design tools like figma sketch strong portfolio competitive salary comprehensive health coverage retirement plan free meals onsite fitness facilities learning and development opportunities design
1,earn 500 daily with crypto opportunity 48 revolutionary crypto investment opportunity join thousands making massive profits daily attention crypto millionaires are sharing their secret earn 500 daily with automated crypto trading no experience needed join now before spots fill up just 100 to start anyone can do this works on autopilot guaranteed daily profits financial freedom retire early join crypto millionaires
0,product manager position 49 amazon is a fortune 500 company and leading ecommerce platform we are customer obsessed and strive to be earths most customercentric company we are looking for a product manager to lead product strategy and development for our consumer marketplace you will work with crossfunctional teams to deliver innovative features mba or equivalent experience 5 years of product management experience strong analytical skills and customer obsession experience with agile development competitive compensation comprehensive health benefits retirement savings plan paid time off employee stock purchase plan product
0,product manager position 50 amazon is a fortune 500 company and leading ecommerce platform we are customer obsessed and strive to be earths most customercentric company we are looking for a product manager to lead product strategy and development for our consumer marketplace you will work with crossfunctional teams to deliver innovative features mba or equivalent experience 5 years of product management experience strong analytical skills and customer obsession experience with agile development competitive compensation comprehensive health benefits retirement savings plan paid time off employee stock purchase plan product
